<?xml version="1.0"?>
<!DOCTYPE modification SYSTEM "http://www.simplemachines.org/xml/modification">
<!-- - - - - - - - - - - - - - - - - - - - - - - - - - - - - - - - - - - - - - -
    Modification file for Custom Tab (SMF 1.x version)

	ATTENTION: If you are trying to install this manually, you should try
	the package manager.  If it will not work for you, please take a look
	at the following for information on this format:
		http://mods.simplemachines.org/docs/manual-install.php

 	Copyright (c) 2008 by Deprecated (at) Earthlink (dot) net. All rights reserved.
	Redistribution prohibited except at SimpleMachines.org

 - - - - - - - - - - - - - - - - - - - - - - - - - - - - - - - - - - - - - - -->

<modification xmlns="http://www.simplemachines.org/xml/modification" xmlns:smf="http://www.simplemachines.org/">

	<id>Deprecated:Custom_Tab</id>
	<version>1.2</version>

	<file name="$themedir/index.template.php">
		<operation>
			<search position="after"><![CDATA[
	// How about the [search] button?
	if ($context['allow_search'])
]]></search>
			<add><![CDATA[
	// Show the [custom] tab.
	global $user_info, $modSettings;
	if ($user_info['is_guest'] ? !empty($modSettings['custom_tab_enable_guest_access']) : !empty($modSettings['custom_tab_enable_member_access']))
		echo ($current_action == 'custom' || $context['browser']['is_ie4']) ? '<td class="maintab_active_' . $first . '">&nbsp;</td>' : '', '
				<td valign="top" class="maintab_', $current_action == 'custom' ? 'active_back' : 'back', '">
					<a href="', !empty($modSettings['custom_tab_execute_url']) ? $modSettings['custom_tab_execute_url'] : $scripturl, '">',
					!empty($modSettings['custom_tab_label']) ? $modSettings['custom_tab_label'] : $txt['custom_tab_label_default'], '</a>
				</td>' , $current_action == 'custom' ? '<td class="maintab_active_' . $last . '">&nbsp;</td>' : '';
]]></add>
		</operation>
	</file>

	<file name="$sourcedir/ModSettings.php">
		<operation>
			<search position="after"><![CDATA[
	// By default do the basic settings.
]]></search>
			<add><![CDATA[
	$subActions['custom'] = 'ModifyCustomTabSettings';
]]></add>
		</operation>
		<operation>
			<search position="after"><![CDATA[
	// Select the right tab based on the sub action.]]></search>
			<add><![CDATA[
	$context['admin_tabs']['tabs']['custom'] = array(
		'title' => $txt['custom_tab_mods_cat'],
		'href' => $scripturl . '?action=featuresettings;sa=custom;sesc=' . $context['session_id'],
		);
]]></add>
		</operation>
		<operation>
			<search position="after"><![CDATA[
	// Default to core (I assume)
]]></search>
			<add><![CDATA[
	$subActions['custom'] = 'ModifyCustomTabSettings';
]]></add>
		</operation>
		<operation>
			<search position="end" />
			<add><![CDATA[
function ModifyCustomTabSettings($return_config = false)
{
	global $txt, $scripturl, $context, $settings, $sc;

	$config_vars = array(

		array('check', 'custom_tab_enable_guest_access'),
		array('check', 'custom_tab_enable_member_access'),
		array('text', 'custom_tab_label', '20'),
		array('text', 'custom_tab_execute_url', '60'),
	);

	if (isset($_GET['save']))
	{
		checkSession();

		saveDBSettings($config_vars);
		writeLog();

		redirectexit('action=featuresettings;sa=custom');
	}

	$context['post_url'] = $scripturl . '?action=featuresettings2;save;sa=custom';
	$context['settings_title'] = $txt['custom_tab_title'];

	prepareDBSettingContext($config_vars);
}
]]></add>
	   </operation>
	</file>

	<file name="$languagedir/Modifications.english.php">
		<operation>
			<search position="end" />
			<add><![CDATA[
$txt['custom_tab_enable_guest_access'] = 'Enable guest access:';
$txt['custom_tab_enable_member_access'] = 'Enable member access:';
$txt['custom_tab_execute_url'] = 'Custom tab execute URL:';
$txt['custom_tab_label'] = 'Custom tab label:';
$txt['custom_tab_label_default'] = 'CUSTOM';
$txt['custom_tab_mods_cat'] = 'Custom Tab';
$txt['custom_tab_title']='Custom Tab';
]]></add>
		</operation>
	</file>

	<file name="$languagedir/Modifications.english-utf8.php" error="skip">
		<operation>
			<search position="end" />
			<add><![CDATA[
$txt['custom_tab_enable_guest_access'] = 'Enable guest access:';
$txt['custom_tab_enable_member_access'] = 'Enable member access:';
$txt['custom_tab_execute_url'] = 'Custom tab execute URL:';
$txt['custom_tab_label'] = 'Custom tab label:';
$txt['custom_tab_label_default'] = 'CUSTOM';
$txt['custom_tab_mods_cat'] = 'Custom Tab';
$txt['custom_tab_title']='Custom Tab';
]]></add>
		</operation>
	</file>

	<file name="$languagedir/Modifications.english_british.php" error="skip">
		<operation>
			<search position="end" />
			<add><![CDATA[
$txt['custom_tab_enable_guest_access'] = 'Enable guest access:';
$txt['custom_tab_enable_member_access'] = 'Enable member access:';
$txt['custom_tab_execute_url'] = 'Custom tab execute URL:';
$txt['custom_tab_label'] = 'Custom tab label:';
$txt['custom_tab_label_default'] = 'CUSTOM';
$txt['custom_tab_mods_cat'] = 'Custom Tab';
$txt['custom_tab_title']='Custom Tab';
]]></add>
		</operation>
	</file>

	<file name="$languagedir/Modifications.english_british-utf8.php" error="skip">
		<operation>
			<search position="end" />
			<add><![CDATA[
$txt['custom_tab_enable_guest_access'] = 'Enable guest access:';
$txt['custom_tab_enable_member_access'] = 'Enable member access:';
$txt['custom_tab_execute_url'] = 'Custom tab execute URL:';
$txt['custom_tab_label'] = 'Custom tab label:';
$txt['custom_tab_label_default'] = 'CUSTOM';
$txt['custom_tab_mods_cat'] = 'Custom Tab';
$txt['custom_tab_title']='Custom Tab';
]]></add>
		</operation>
	</file>

</modification>