<?xml version="1.0"?>
<!DOCTYPE modification SYSTEM "http://www.simplemachines.org/xml/modification">
<!-- - - - - - - - - - - - - - - - - - - - - - - - - - - - - - - - - - - - - - -
    Modification file for Custom Tab

	ATTENTION: If you are trying to install this manually, you should try
	the package manager.  If it will not work for you, please take a look
	at the following for information on this format:
		http://mods.simplemachines.org/docs/manual-install.php

 - - - - - - - - - - - - - - - - - - - - - - - - - - - - - - - - - - - - - - -->

<modification xmlns="http://www.simplemachines.org/xml/modification" xmlns:smf="http://www.simplemachines.org/">

	<id>Deprecated:Custom_Tab</id>
	<version>1.2</version>

	<file name="$languagedir/Modifications.spanish.php" error="skip">
		<operation>
			<search position="end" />
			<add><![CDATA[
$txt['custom_tab_enable_guest_access'] = 'Permitir acceso a invitados:';
$txt['custom_tab_enable_member_access'] = 'Permitir acceso a usuarios:';
$txt['custom_tab_execute_url'] = 'URL a dirigir:';
$txt['custom_tab_label'] = 'Nombre del tag:';
$txt['custom_tab_label_default'] = 'CUSTOM';
$txt['custom_tab_mods_cat'] = 'Custom Tab';
$txt['custom_tab_title']='Custom Tab';
]]></add>
		</operation>
	</file>

	<file name="$languagedir/Modifications.spanish-utf8.php" error="skip">
		<operation>
			<search position="end" />
			<add><![CDATA[
$txt['custom_tab_enable_guest_access'] = 'Permitir acceso a invitados:';
$txt['custom_tab_enable_member_access'] = 'Permitir acceso a usuarios:';
$txt['custom_tab_execute_url'] = 'URL a dirigir:';
$txt['custom_tab_label'] = 'Nombre del tag:';
$txt['custom_tab_label_default'] = 'CUSTOM';
$txt['custom_tab_mods_cat'] = 'Custom Tab';
$txt['custom_tab_title']='Custom Tab';
]]></add>
		</operation>
	</file>

</modification>