<?xml version="1.0"?>
<!DOCTYPE modification SYSTEM "http://www.simplemachines.org/xml/modification">
<!-- - - - - - - - - - - - - - - - - - - - - - - - - - - - - - - - - - - - - - -
    Modification file for Custom Tab (SMF 2.x version)

	ATTENTION: If you are trying to install this manually, you should try
	the package manager.  If it will not work for you, please take a look
	at the following for information on this format:
		http://mods.simplemachines.org/docs/manual-install.php

 	Copyright (c) 2008 by Deprecated (at) Earthlink (dot) net. All rights reserved.
	Redistribution prohibited except at SimpleMachines.org

 - - - - - - - - - - - - - - - - - - - - - - - - - - - - - - - - - - - - - - -->

<modification xmlns="http://www.simplemachines.org/xml/modification" xmlns:smf="http://www.simplemachines.org/">

	<id>Deprecated:Custom_Tab</id>
	<version>1.2</version>

	<file name="$sourcedir/Subs.php">
		<operation>
			<search position="before"><![CDATA[
			'help' => array(
				'title' => $txt['help'],
				'href' => $scripturl . '?action=help',
				'show' => true,
				'sub_buttons' => array(
				),
			),]]></search>
			<add><![CDATA[
			'custom' => array(
				'title' => !empty($modSettings['custom_tab_label']) ? $modSettings['custom_tab_label'] : $txt['custom_tab_label_default'],
				'href' => !empty($modSettings['custom_tab_execute_url']) ? $modSettings['custom_tab_execute_url'] : $scripturl,
				'show' => $user_info['is_guest'] ? !empty($modSettings['custom_tab_enable_guest_access']) : !empty($modSettings['custom_tab_enable_member_access']),
				'sub_buttons' => array(
				),
			),]]></add>
		</operation>
	</file>

	<file name="$sourcedir/Admin.php">
		<operation>
			<search position="before"><![CDATA[
						// Mod Authors for a "ADD AFTER" on this line. Ensure you end your change with a comma. For example:]]></search>
			<add><![CDATA[
						'custom' => array($txt['custom_tab_mods_cat']),]]></add>
		</operation>
	</file>

	<file name="$sourcedir/ManageSettings.php">
		<operation>
			<search position="before"><![CDATA[
		// Mod authors, once again, if you have a whole section to add do it AFTER this line, and keep a comma at the end.]]></search>
			<add><![CDATA[
		'custom' => 'ModifyCustomTabSettings',]]></add>
		</operation>
		<operation>
			<search position="end" />
			<add><![CDATA[
function ModifyCustomTabSettings($return_config = false)
{
	global $txt, $scripturl, $context, $settings, $sc;

	$config_vars = array(

		array('check', 'custom_tab_enable_guest_access'),
		array('check', 'custom_tab_enable_member_access'),
		array('text', 'custom_tab_label', '20'),
		array('text', 'custom_tab_execute_url', '60'),
	);

	if ($return_config)
		return $config_vars;

	if (isset($_GET['save']))
	{
		checkSession();

		saveDBSettings($config_vars);
		writeLog();

		redirectexit('action=admin;area=modsettings;sa=custom');
	}

	$context['post_url'] = $scripturl . '?action=admin;area=modsettings;save;sa=custom';
	$context['settings_title'] = $txt['custom_tab_title'];

	prepareDBSettingContext($config_vars);
}
]]></add>
		</operation>
		<operation>
			<search position="before"><![CDATA[
		// This line is to help mod authors do a search/add after if you want to add something here. Keyword: FOOT TAPPING SUCKS!]]></search>
			<add><![CDATA[
		if(empty($_POST['custom_tab_label'])) $_POST['custom_tab_label'] = '';
		if(empty($_POST['custom_tab_execute_url'])) $_POST['custom_tab_execute_url'] = '';]]></add>
	   </operation>
	</file>

	<file name="$languagedir/Modifications.english.php">
		<operation>
			<search position="end" />
			<add><![CDATA[
$txt['custom_tab_enable_guest_access'] = 'Enable guest access:';
$txt['custom_tab_enable_member_access'] = 'Enable member access:';
$txt['custom_tab_execute_url'] = 'Custom tab execute URL:';
$txt['custom_tab_label'] = 'Custom tab label:';
$txt['custom_tab_label_default'] = 'CUSTOM';
$txt['custom_tab_mods_cat'] = 'Custom Tab';
$txt['custom_tab_title']='Custom Tab';
]]></add>
		</operation>
	</file>

	<file name="$languagedir/Modifications.english-utf8.php" error="skip">
		<operation>
			<search position="end" />
			<add><![CDATA[
$txt['custom_tab_enable_guest_access'] = 'Enable guest access:';
$txt['custom_tab_enable_member_access'] = 'Enable member access:';
$txt['custom_tab_execute_url'] = 'Custom tab execute URL:';
$txt['custom_tab_label'] = 'Custom tab label:';
$txt['custom_tab_label_default'] = 'CUSTOM';
$txt['custom_tab_mods_cat'] = 'Custom Tab';
$txt['custom_tab_title']='Custom Tab';
]]></add>
		</operation>
	</file>

	<file name="$languagedir/Modifications.english_british.php" error="skip">
		<operation>
			<search position="end" />
			<add><![CDATA[
$txt['custom_tab_enable_guest_access'] = 'Enable guest access:';
$txt['custom_tab_enable_member_access'] = 'Enable member access:';
$txt['custom_tab_execute_url'] = 'Custom tab execute URL:';
$txt['custom_tab_label'] = 'Custom tab label:';
$txt['custom_tab_label_default'] = 'CUSTOM';
$txt['custom_tab_mods_cat'] = 'Custom Tab';
$txt['custom_tab_title']='Custom Tab';
]]></add>
		</operation>
	</file>

	<file name="$languagedir/Modifications.english_british-utf8.php" error="skip">
		<operation>
			<search position="end" />
			<add><![CDATA[
$txt['custom_tab_enable_guest_access'] = 'Enable guest access:';
$txt['custom_tab_enable_member_access'] = 'Enable member access:';
$txt['custom_tab_execute_url'] = 'Custom tab execute URL:';
$txt['custom_tab_label'] = 'Custom tab label:';
$txt['custom_tab_label_default'] = 'CUSTOM';
$txt['custom_tab_mods_cat'] = 'Custom Tab';
$txt['custom_tab_title']='Custom Tab';
]]></add>
		</operation>
	</file>

</modification>