<?xml version="1.0"?>
<!DOCTYPE package-info SYSTEM "http://www.simplemachines.org/xml/package-info">
<!-- - - - - - - - - - - - - - - - - - - - - - - - - - - - - - - - - - - - - - -
	Package manifest file for Custom Tab

	ATTENTION: If you are trying to install this manually, you should try
	the package manager.  If it will not work for you, please take a look
	at the following for information on this format:
		http://mods.simplemachines.org/docs/manual-install.php

 	Copyright (c) 2008 by Deprecated (at) Earthlink (dot) net. All rights reserved.
	Redistribution prohibited except at SimpleMachines.org

 - - - - - - - - - - - - - - - - - - - - - - - - - - - - - - - - - - - - - - -->

<package-info xmlns="http://www.simplemachines.org/xml/package-info" xmlns:smf="http://www.simplemachines.org/">

	<id>Deprecated:Custom_Tab</id>
	<name>Custom Tab</name>
	<version>1.2</version>
	<type>modification</type>

	<install for="1.0 - 1.99.99">
		<readme parsebbc="true">readme.txt</readme>
		<modification>modification1.xml</modification>
		<modification>modification.spanish.xml</modification>
		<code>add_default_settings.php</code>
		<redirect url="?action=featuresettings;sa=custom" type="inline">Please stand by while you are being redirected to this modification's configuration settings.</redirect>
	</install>

	<uninstall for="1.0 - 1.99.99">
		<modification reverse="true">modification1.xml</modification>
		<modification reverse="true">modification.spanish.xml</modification>
	</uninstall>

	<install for="2.0 - 2.99.99">
		<readme parsebbc="true">readme.txt</readme>
		<modification>modification2.xml</modification>
		<modification>modification.spanish.xml</modification>
		<code>add_default_settings.php</code>
		<redirect url="?action=admin;area=modsettings;sa=custom" type="inline">Please stand by while you are being redirected to this modification's configuration settings.</redirect>
	</install>

	<uninstall for="2.0 - 2.99.99">
		<modification reverse="true">modification2.xml</modification>
		<modification reverse="true">modification.spanish.xml</modification>
	</uninstall>

</package-info>