<?xml version="1.0"?>
<!DOCTYPE modification SYSTEM "http://www.simplemachines.org/xml/modification">

<modification xmlns="http://www.simplemachines.org/xml/modification" xmlns:smf="http://www.simplemachines.org/">
	<id>sarke:invite</id>
	<version>1.14</version>



	<file name="$boarddir/index.php">

		<operation>

			<search position="after"><![CDATA[
		'jsoption' => array('Themes.php', 'SetJavaScript'),
]]></search>

			<add><![CDATA[
		'invite' => array('Invite.php', 'InviteMain'),]]></add>

		</operation>

	</file>



	<file name="$sourcedir/ModSettings.php">

		<operation>

			<search position="before"><![CDATA[
	$context['sub_template'] = 'show_settings';

	$subActions = array(
]]></search>

			<add><![CDATA[		'invite' => 'ModifyInviteSettings',
]]></add>
		</operation>

		<operation>
			<search position="before"><![CDATA[
	require_once($sourcedir . '/ManageServer.php');

	$subActions = array(
]]></search>

			<add><![CDATA[		'invite' => 'ModifyInviteSettings',
]]></add>
		</operation>

		<operation>
			<search position="before"><![CDATA[
			'layout' => array(
				'title' => $txt['mods_cat_layout'],
				'href' => $scripturl . '?action=featuresettings;sa=layout;sesc=' . $context['session_id'],
			),
]]></search>

			<add><![CDATA[
			'invite' => array(
				'title' => $txt['invite_title'],
				'href' => $scripturl . '?action=featuresettings;sa=invite;sesc=' . $context['session_id'],
			),
]]></add>
		</operation>

		<operation>
			<search position="after"><![CDATA[
function ModifyKarmaSettings()
]]></search>

			<add><![CDATA[
// Invite MOD
function ModifyInviteSettings()
{
	global $sourcedir;
	require_once($sourcedir . '/Invite.php');
	InviteSettings();
}

]]></add>
		</operation>

	</file>



	<file name="$sourcedir/ManagePermissions.php">

		<operation>

			<search position="before"><![CDATA[
	$groupLevels['global']['restrict'] = array(
]]></search>

			<add><![CDATA[		'invitees_any',
]]></add>
		</operation>

		<operation>
			<search position="before"><![CDATA[
	$groupLevels['global']['standard'] = array_merge($groupLevels['global']['restrict'], array(
]]></search>

			<add><![CDATA[		'invite',
		'invite_unlimited',
		'invitees_own',
]]></add>
		</operation>

		<operation>
			<search position="after"><![CDATA[
	$context['permissions'] = array();
]]></search>

			<add><![CDATA[	// Invite MOD.
	$permissionList['membergroup']['invite'] = array(
		'invite' => false,
		'invite_unlimited' => false,
		'invitees' => true,
	);

	$non_guest_permissions[] = 'invite';
	$non_guest_permissions[] = 'invite_unlimited';
	// End Invite MOD.

]]></add>
		</operation>

	</file>



	<file name="$sourcedir/Register.php">

		<operation>

			<search position="before"><![CDATA[
	// Check if the administrator has it disabled.
	if (!empty($modSettings['registration_method']) && $modSettings['registration_method'] == 3)
		fatal_lang_error('registration_disabled', false);

]]></search>

			<add><![CDATA[
	// Invite MOD; check if we're only accepting invites, and if so check for a valid invite key.
	global $sourcedir;
	require_once($sourcedir . '/Invite.php');
	$context['invite_key'] = validateInviteKey(empty($_REQUEST['invite_key']) ? '' : $_REQUEST['invite_key'], !empty($modSettings['invite_only']));

]]></add>
		</operation>

		<operation>

			<search position="before"><![CDATA[
	// You can't register if it's disabled.
	if (!empty($modSettings['registration_method']) && $modSettings['registration_method'] == 3)
		fatal_lang_error('registration_disabled', false);

]]></search>

			<add><![CDATA[
	// Invite MOD; check if we're only accepting invites, and if so check for a valid invite key.
	global $sourcedir;
	require_once($sourcedir . '/Invite.php');
	$context['invite_key'] = validateInviteKey(empty($_REQUEST['invite_key']) ? '' : $_REQUEST['invite_key'], !empty($modSettings['invite_only']));

]]></add>
		</operation>

		<operation>

			<search position="before"><![CDATA[
	$memberID = registerMember($regOptions);
]]></search>

			<add><![CDATA[

	// Invite MOD; looks like registration went ok, let's mark the invite key as used and who it was used by.
	if ($context['invite_key'] !== false)
	{
		db_query("
			UPDATE {$db_prefix}invites
			SET ID_REGISTRATION = '$memberID'
			WHERE inviteKey = '{$context['invite_key']}'
			LIMIT 1", __FILE__, __LINE__);
	}
	elseif (!empty($_REQUEST['inviter']) && (int)$_REQUEST['inviter'] !== 0)
	{
		db_query("
			INSERT INTO {$db_prefix}invites (ID_MEMBER, ID_REGISTRATION, inviteTime)
			VALUES ('" . (int)$_REQUEST['inviter'] . "', '$memberID', " . time() . ")
			", __FILE__, __LINE__);
	}
]]></add>
		</operation>

	</file>



	<file name="$sourcedir/Memberlist.php">

		<operation>

			<search position="replace"><![CDATA[
	// They're searching..
	if (isset($_REQUEST['search']) && isset($_REQUEST['fields']))
]]></search>

			<add><![CDATA[
	// Invite MOD.  Not really a user search, just using the fine table and such that's already here for the invitees list...
	if (isset($_REQUEST['inviter']) && loadMemberData(array($_REQUEST['inviter'])))
	{
		global $user_profile;

		if (($_REQUEST['inviter'] == $context['user']['id'] && !allowedTo('invitees_own')) || !allowedTo('invitees_any'))
			fatal_lang_error('invitees_any', false);

		// Just to let the members know it's not really a search.
		$context['page_title'] = $txt['invited_by'] . ' ' . $user_profile[$_REQUEST['inviter']]['realName'];
		$context['sort_links'][1]['label'] = $context['page_title'];

		// We need this so it thinks it's a regular search and won't be all bitchy about variables...
		$context['old_search'] = '';
		$context['old_search_value'] = '';

		// Find the number of results.
		$request = db_query("
			SELECT COUNT(*)
			FROM {$db_prefix}members AS mem
				LEFT JOIN {$db_prefix}invites AS inv ON (inv.ID_REGISTRATION = mem.ID_MEMBER)
			WHERE inv.ID_MEMBER = $_REQUEST[inviter]
				AND is_activated = 1", __FILE__, __LINE__);
		list ($numResults) = mysql_fetch_row($request);
		mysql_free_result($request);

		$context['page_index'] = constructPageIndex($scripturl . '?action=mlist;sa=search;inviter=' . $_GET['inviter'], $_REQUEST['start'], $numResults, $modSettings['defaultMaxMembers']);

		// Find the members from the database.
		// !!!SLOW This query is slow.
		$request = db_query("
			SELECT mem.ID_MEMBER
			FROM {$db_prefix}members AS mem
				LEFT JOIN {$db_prefix}invites AS inv ON (inv.ID_REGISTRATION = mem.ID_MEMBER)
				LEFT JOIN {$db_prefix}log_online AS lo ON (lo.ID_MEMBER = mem.ID_MEMBER)
				LEFT JOIN {$db_prefix}membergroups AS mg ON (mg.ID_GROUP = IF(mem.ID_GROUP = 0, mem.ID_POST_GROUP, mem.ID_GROUP))
			WHERE inv.ID_MEMBER = $_REQUEST[inviter]
				AND is_activated = 1
			LIMIT $_REQUEST[start], $modSettings[defaultMaxMembers]", __FILE__, __LINE__);
		printMemberListRows($request);
		mysql_free_result($request);
	} // End Invite MOD.
	// They're really doing a search.
	elseif (isset($_REQUEST['search']) && isset($_REQUEST['fields']))
]]></add>

		</operation>

	</file>



	<file name="$sourcedir/Stats.php">

		<operation>

			<search position="after"><![CDATA[
	// Activity by month.
]]></search>

			<add><![CDATA[
	// Invite MOD.  Top 10 Inviters.
	global $sourcedir;
	require_once($sourcedir . '/Invite.php');
	InviteStats();
	// End Invite MOD.

]]></add>

		</operation>

	</file>



	<file name="$sourcedir/Profile.php">

		<operation>

			<search position="after"><![CDATA[
		// This block is only concerned with email address validation..
]]></search>

			<add><![CDATA[
		// Invite MOD.  Change the number of inviter.
		if (!empty($_POST['inviter']) && (int)$_POST['inviter'] != 0 && (int)$_POST['inviter'] != $memID && allowedTo('moderate_forum'))
		{
			global $sourcedir;
			require_once($sourcedir . '/Invite.php');

			if (inviter($memID))
				db_query("
					UPDATE {$db_prefix}invites SET ID_MEMBER = {$_POST['inviter']}
					WHERE ID_REGISTRATION = $memID
					LIMIT 1", __FILE__, __LINE__);
			else
				db_query("
					INSERT INTO {$db_prefix}invites (ID_MEMBER, ID_REGISTRATION)
						VALUES ({$_POST['inviter']}, $memID)", __FILE__, __LINE__);
		}
		elseif (isset($_POST['inviter']) && empty($_POST['inviter']))
		{
			db_query("
				DELETE FROM {$db_prefix}invites 
				WHERE ID_REGISTRATION = $memID
				LIMIT 1", __FILE__, __LINE__);
		}

]]></add>

		</operation>

	</file>



	<file name="$themedir/index.template.php">

		<operation>

			<search position="after"><![CDATA[)))
		$current_action = $context['current_action'];]]></search>

			<add><![CDATA[, 'invite']]></add>

		</operation>

		<operation>

			<search position="after"><![CDATA[
	// If the user is a guest, show [login] button.
]]></search>

			<add><![CDATA[
	// Invite MOD.
	if (allowedTo('invite'))
	{
		global $modSettings;
		echo ($current_action == 'invite' || $context['browser']['is_ie4']) ? '<td class="maintab_active_' . $first . '">&nbsp;</td>' : '' , '
				<td valign="top" class="maintab_' , $current_action == 'invite' ? 'active_back' : 'back' , '">
					<a href="', $scripturl, '?action=invite">' , (!empty($modSettings['invite_menu_title']) ? $modSettings['invite_menu_title'] : $txt['invite_title']) , '</a>
				</td>' , $current_action == 'invite' ? '<td class="maintab_active_' . $last . '">&nbsp;</td>' : '';
	}

]]></add>

		</operation>

	</file>



	<file name="$themedir/Profile.template.php">

		<operation>

			<search position="replace"><![CDATA[
					<td>', $context['member']['registered'], '</td>
				</tr><tr>
					<td><b>', $txt['lastLoggedIn'], ': </b></td>
]]></search>

			<add><![CDATA[
					<td>', $context['member']['registered'], '</td>
				</tr>';

	// Invite MOD.
	global $sourcedir;
	require_once($sourcedir . '/Invite.php');
	if (($context['user']['is_owner'] && allowedTo('invitees_own')) || allowedTo('invitees_any'))
	{
		if (inviter($context['member']['id']))
			echo '
				<tr>
					<td><b>', $txt['invited_by'], ': </b></td>
					<td><a href="', $scripturl, '?action=profile;u=', $context['member']['invited_by'], '">', $context['member']['invited_by_name'], '</a></td>
				</tr>';

		if ($context['member']['invitees_count'] = invitees($context['member']['id']))
			echo '
				<tr>
					<td><b>', $txt['invitees_count'], ': </b></td>
					<td><a href="', $scripturl, '?action=mlist;sa=search;inviter=', $context['member']['id'], '">', $context['member']['invitees_count'], '</a></td>
				</tr>';
	}
	// End Invite MOD.

	echo '
				<tr>
					<td><b>', $txt['lastLoggedIn'], ': </b></td>
]]></add>
		</operation>

		<operation>

			<search position="after"><![CDATA[
		// Only display if admin has enabled "user selectable language".
]]></search>

			<add><![CDATA[
		// Invite MOD.  Allow the administrator to change the inviter.
		if ($context['user']['is_admin'])
		{
			global $sourcedir;
			require_once($sourcedir . '/Invite.php');
			echo '
							<tr>
								<td><b>', $txt['invited_by'], ' (ID): </b></td>
								<td><input type="text" name="inviter" size="4" value="', inviter($context['member']['id']), '" /></td>
							</tr>';
		}

]]></add>
		</operation>

	</file>



	<file name="$themedir/Stats.template.php">

		<operation>

			<search position="replace"><![CDATA[
			</tr><tr>
				<td class="catbg" colspan="4"><b>', $txt['smf_stats_5'], '</b></td>
]]></search>

			<add><![CDATA[
			</tr><tr>
				<td class="catbg" colspan="2" width="50%"><b>', $txt['top_inviters'], '</b></td>
				<td class="catbg" colspan="2" width="50%"><b>', $txt['top_inviters_by_posts'], '</b></td>
			</tr><tr>
				<td class="windowbg" width="20" valign="middle" align="center"><img src="', $settings['images_url'], '/stats_posters.gif" width="20" height="20" alt="" /></td>
				<td class="windowbg2" width="50%" valign="top">
					<table border="0" cellpadding="1" cellspacing="0" width="100%">';
	foreach ($context['top_inviters'] as $inviter)
		echo '
						<tr>
							<td width="60%" valign="top">', $inviter['link'], '</td>
							<td width="20%" align="left" valign="top">', $inviter['num'] > 0 ? '<img src="' . $settings['images_url'] . '/bar.gif" width="' . $inviter['percent'] . '" height="15" alt="" />' : '&nbsp;', '</td>
							<td width="20%" align="right" valign="top">', $inviter['num'], '</td>
						</tr>';
	echo '
					</table>
				</td>
				<td class="windowbg" width="20" valign="middle" align="center" nowrap="nowrap"><img src="', $settings['images_url'], '/stats_posters.gif" width="20" height="20" alt="" /></td>
				<td class="windowbg2" width="50%" valign="top">
					<table border="0" cellpadding="1" cellspacing="0" width="100%">';
	foreach ($context['top_inviters_by_posts'] as $inviter)
		echo '
						<tr>
							<td width="60%" valign="top">', $inviter['link'], '</td>
							<td width="20%" align="left" valign="top">', $inviter['num'] > 0 ? '<img src="' . $settings['images_url'] . '/bar.gif" width="' . $inviter['percent'] . '" height="15" alt="" />' : '&nbsp;', '</td>
							<td width="20%" align="right" valign="top">', $inviter['num'], '</td>
						</tr>';
	echo '
					</table>
				</td>
			</tr><tr>
				<td class="catbg" colspan="4"><b>', $txt['smf_stats_5'], '</b></td>
]]></add>
		</operation>

	</file>



	<file name="$themedir/Register.template.php">

		<operation>

			<search position="after"><![CDATA[
	echo '
	<br />
	<div align="center">
		<input type="submit" name="regSubmit" value="', $txt[97], '" />
	</div>
]]></search>

			<add><![CDATA[
	// Invite MOD
	if (!empty($context['invite_key']))
		echo '
	<input type="hidden" name="invite_key" value="', $context['invite_key'], '" />';
	elseif (!empty($_REQUEST['inviter']) && (int)$_REQUEST['inviter'] !== 0)
		echo '
	<input type="hidden" name="inviter" value="', $_REQUEST['inviter'], '" />';

]]></add>
		</operation>

	</file>



	<file name="$languagedir/Modifications.english.php">

		<operation>

			<search position="after"><![CDATA[
?>]]></search>

			<add><![CDATA[

// Invite MOD.
$txt['invite_title'] = 'Invite';
$txt['invite_only'] = 'Only allow registrations through invitation.';
$txt['invite_menu_title'] = 'Invite menu title.';
$txt['invite_days'] = 'Number of days for members to get a new invite credit.<div class="smalltext">(0 for no limit, admins are exempt)</div>';
$txt['invite_max'] = 'Max number of invite credits.<div class="smalltext">(0 for no limit, admins are exempt)</div>';
$txt['invite_expire'] = 'Number of days for an invite key to be valid.<div class="smalltext">(0 for no limit)</div>';
$txt['invite_group_settings'] = 'Set group permission for sending invites';

$txt['invite_email_disable'] = 'Disable mailing feature.';
$txt['invite_email_subject'] = 'E-mail subject.';
$txt['invite_email_message'] = 'E-mail message.
<div class="smalltext">{invitee} = Recipient\'s name</div>
<div class="smalltext">{inviter} = Inviter\'s memebername</div>
<div class="smalltext">{forum} = Forum name</div>
<div class="smalltext">{link} = Link to registration page (with key)</div>
<div class="smalltext">{message} = Message by inviter</div>';
$txt['invite_default_email_subject'] = '{invitee}, you have received an invitation to {forum} by {inviter}!';
$txt['invite_default_email_message'] = 'Hi {invitee},

You have received an invitation to {forum}, click the following link to register:

{link}

{inviter} also sent this comment to you:

{message}


This message is not spam.';

$txt['invite_someone'] = 'Invite someone';
$txt['invite_info'] = 'You can invite someone new if you have invite credits by making a new key and sending them the link.';
$txt['invite_link'] = 'You can invite someone new by sending them the following link.';
$txt['invitees'] = 'Invitees';
$txt['invitees_info'] = 'The following list which members you have invited.';
$txt['no_invitees'] = 'There are no invitees to display';
$txt['invite_unlimited'] = 'unlimited';
$txt['invite_max_reached'] = 'max reached';
$txt['make_new_invite_key'] = 'Make new invite key';
$txt['invite_credits'] = 'Invite credits';
$txt['next_invite_credit'] = 'Next credit';
$txt['invite_key'] = 'Invite Key';
$txt['invite_email'] = 'Invitation E-mail';
$txt['invite_send_email'] = 'Send invitation e-mail';
$txt['invite_expires'] = 'Expires';
$txt['invited_by'] = 'Invited by';
$txt['invitees_count'] = 'Members invited';
$txt['show_invitees'] = 'Show members invited by this person';


$txt['invite_email_info'] = 'Enter the name and email of the person you wish to invite, and the invite link will be sent to them.';
$txt['invite_recipient_name'] = 'Recipient\'s name';
$txt['invite_recipient_email'] = 'Recipient\'s e-mail';
$txt['invite_message'] = 'Personal message to recipient';
$txt['invite_sent'] = 'The invitation has been sent.';

$txt['invite_no_name'] = 'You did not enter a name.';
$txt['invite_no_email'] = 'You did not enter a valid e-mail address.';
$txt['cannot_send_invite'] = 'Sorry, the invite key could not be sent (already sent maybe?).';

$txt['permissiongroup_invite'] = 'Invite';
$txt['permissionname_invite'] = 'Invite';
$txt['permissionhelp_invite'] = 'When the forum is set to accept registrations by invitation only, this permission will allow a membergroup to invite people to the forum so they can register.';
$txt['permissionname_invite_unlimited'] = 'Unlimted invite credits';
$txt['permissionhelp_invite_unlimited'] = 'When the forum is set to accept registrations by invitation only, this permission will allow a membergroup to have unlimited invite credits.';
$txt['permissionname_invitees'] = 'View invitees';
$txt['permissionhelp_invitees'] = 'This will show a list of members that the user has invited to the forum using the Invite MOD.';
$txt['permissionname_invitees_own'] = 'Own invitees';
$txt['permissionname_invitees_any'] = 'Any invitees';

$txt['cannot_invite'] = 'Sorry, you\'re not allowed to send invitations.';
$txt['cannot_invite_as_other'] = 'Sorry, you can\'t send invitations as someone else.';
$txt['cannot_invitees_any'] = 'Sorry, you\'re not allowed to view this member\'s invitees.';
$txt['registration_invite_only'] = 'Sorry, registration is by invitation only.<br /><br />If you have a valid invite key enter it below:<br /><form method="POST" action="index.php?action=register"><input type="text" name="invite_key" size="40"> <input type="submit" value="Register"></form>';
$txt['registration_invite_expired'] = 'Sorry, the invite key has expired.';

$txt['top_inviters'] = 'Top Inviters (by Invitees)';
$txt['top_inviters_by_posts'] = 'Top Inviters (by Invitees\' Posts)';
// End Invite MOD.

]]></add>
		</operation>

	</file>

</modification>
