<?xml version="1.0"?>
<!DOCTYPE package-info SYSTEM "http://www.simplemachines.org/xml/package-info">

<package-info xmlns="http://www.simplemachines.org/xml/package-info" xmlns:smf="http://www.simplemachines.org/">
	<id>sarke:invite</id>
	<name>Invite</name>
	<version>1.14</version>

	<type>modification</type>

	<install>
		<readme>readme.txt</readme>
		<require-file name="Invite.php" destination="$sourcedir" />
		<require-file name="Invite.template.php" destination="$themedir" />
		<code>db.php</code>
		<modification>install.xml</modification>
	</install>

	<uninstall>
		<readme type="inline">The database table and settings will not be deleted, so no information will be lost.</readme>
		<remove-file name="$sourcedir/Invite.php" />
		<remove-file name="$themedir/Invite.template.php" />
		<modification reverse="true">install.xml</modification>
	</uninstall>
</package-info>
