<?xml version="1.0"?>
<!DOCTYPE package-info SYSTEM "http://www.simplemachines.org/xml/package-info">
<package-info xmlns="http://www.simplemachines.org/xml/package-info" xmlns:smf="http://www.simplemachines.org/">
	<!-- For the id, always use something unique - put your name, a colon, and then the package name. -->
	<id>WWakerFAN:AdditionalPolls</id>
	<!-- Below should be the name of this package. -->
	<name>Additional Polls</name>
	<!-- The version of this modification.  Keep it numeric so PHP can tell that old < new. -->
	<version>1.0.2</version>

	<!-- Type, one of: modification, avatar, language. -->
	<type>modification</type>

	<!-- Installation, the key part of this file. -->
	<install for="1.1.7">
		<readme type="inline">
Additional Polls v1.0.2
-----------------------------------
Removes the restriction that prevents you from having more than one poll in a topic.
		</readme>
		<modification type="file" format="xml">modification.xml</modification>
		<code type="file">code.php</code>
	</install>
	
	<uninstall for="1.1.7">
		<modification type="file" format="xml" reverse="true">modification.xml</modification>
	</uninstall>
</package-info>
