<?xml version="1.0"?>
<!DOCTYPE package-info SYSTEM "http://www.simplemachines.org/xml/package-info">

<package-info xmlns="http://www.simplemachines.org/xml/package-info" xmlns:smf="http://www.simplemachines.org/">
	<id>ccbtimewiz:gmail</id>
	<name>GMAIL Integration</name>
	<version>1.0</version>

	<type>modification</type>

	<install for="1.1.2 - 1.99.99">
		<modification>gmail_modifications.xml</modification>
		<require-dir name="images" destination="$themedir" />
		<code>gmail_settings.php</code>
	</install>

	<uninstall for="1.1.2 - 1.99.99">
		<modification reverse="true">gmail_modifications.xml</modification>
		<remove-file name="$themedir/images/gmail.gif" />
		<code>kill_settings.php</code>
	</uninstall>
</package-info>