<modification xmlns="http://www.simplemachines.org/xml/modification" xmlns:smf="http://www.simplemachines.org/">
	<id>smf:smf-1.1.10</id>
	<version>1.0</version>

	<file name="$sourcedir/ManageRegistration.php" error="skip">
		<operation error="ignore">
			<search position="replace"><![CDATA[
* Copyright 2006-2007 by:     Simple Machines LLC (http://www.simplemachines.org) *
]]></search>
			<add><![CDATA[
* Copyright 2006-2009 by:     Simple Machines LLC (http://www.simplemachines.org) *
]]></add>
		</operation>
		<operation error="ignore">
			<search position="replace"><![CDATA[
* Copyright 2006 by:          Simple Machines LLC (http://www.simplemachines.org) *
]]></search>
			<add><![CDATA[
* Copyright 2006-2009 by:     Simple Machines LLC (http://www.simplemachines.org) *
]]></add>
		</operation>
	</file>

	<file name="$sourcedir/Packages.php" error="skip">
		<operation error="ignore">
			<search position="replace"><![CDATA[
* Copyright 2006-2007 by:     Simple Machines LLC (http://www.simplemachines.org) *
]]></search>
			<add><![CDATA[
* Copyright 2006-2009 by:     Simple Machines LLC (http://www.simplemachines.org) *
]]></add>
		</operation>
		<operation error="ignore">
			<search position="replace"><![CDATA[
* Copyright 2006 by:          Simple Machines LLC (http://www.simplemachines.org) *
]]></search>
			<add><![CDATA[
* Copyright 2006-2009 by:     Simple Machines LLC (http://www.simplemachines.org) *
]]></add>
		</operation>
	</file>

	<file name="$sourcedir/PersonalMessage.php" error="skip">
		<operation error="ignore">
			<search position="replace"><![CDATA[
* Copyright 2006-2007 by:     Simple Machines LLC (http://www.simplemachines.org) *
]]></search>
			<add><![CDATA[
* Copyright 2006-2009 by:     Simple Machines LLC (http://www.simplemachines.org) *
]]></add>
		</operation>
		<operation error="ignore">
			<search position="replace"><![CDATA[
* Copyright 2006 by:          Simple Machines LLC (http://www.simplemachines.org) *
]]></search>
			<add><![CDATA[
* Copyright 2006-2009 by:     Simple Machines LLC (http://www.simplemachines.org) *
]]></add>
		</operation>
	</file>

	<file name="$sourcedir/Register.php" error="skip">
		<operation error="ignore">
			<search position="replace"><![CDATA[
* Copyright 2006-2007 by:     Simple Machines LLC (http://www.simplemachines.org) *
]]></search>
			<add><![CDATA[
* Copyright 2006-2009 by:     Simple Machines LLC (http://www.simplemachines.org) *
]]></add>
		</operation>
		<operation error="ignore">
			<search position="replace"><![CDATA[
* Copyright 2006 by:          Simple Machines LLC (http://www.simplemachines.org) *
]]></search>
			<add><![CDATA[
* Copyright 2006-2009 by:     Simple Machines LLC (http://www.simplemachines.org) *
]]></add>
		</operation>
	</file>

</modification>