<modification xmlns="http://www.simplemachines.org/xml/modification" xmlns:smf="http://www.simplemachines.org/">
	<id>smf:smf-1.0.14-1.1.6</id>
	<version>1.0</version>

	<file name="$boarddir/SSI.php" error="skip">
		<operation>
			<search position="replace"><![CDATA[
* Software Version:           SMF 1.0.10                                          *
]]></search>
			<add><![CDATA[
* Software Version:           SMF 1.0.14                                          *
]]></add>
		</operation>
		<operation>
			<search position="replace"><![CDATA[
// Load installed 'Mods' settings.
reloadSettings();
// Clean the request variables.
cleanRequest();
]]></search>
			<add><![CDATA[
// Load installed 'Mods' settings.
reloadSettings();
// Clean the request variables.
cleanRequest();

// Seed the random generator?
if (empty($modSettings['rand_seed']) || mt_rand(1, 250) == 69)
	smf_seed_generator();
]]></add>
		</operation>
		<operation>
			<search position="replace"><![CDATA[
	// Note that PHP 4.2.x and above, only, auto-seed.
	if (@version_compare(PHP_VERSION, '4.2.0') == -1)
		srand(time());
]]></search>
			<add><![CDATA[
	// Note that PHP 4.2.x and above, only, auto-seed.
	if (@version_compare(PHP_VERSION, '4.2.0') == -1)
		mt_srand(time());
]]></add>
		</operation>
	</file>


</modification>