<?xml version="1.0"?>
<!DOCTYPE package-info SYSTEM "http://www.simplemachines.org/xml/package-info">
<!-- - - - - - - - - - - - - - - - - - - - - - - - - - - - - - - - - - - - - - -
	This is a simplified package manifest for SMF packages.

	ATTENTION: If you are trying to install this manually, you should try
	the package manager.  If it will not work for you, please take a look
	at the following for information on this format:
		http://mods.simplemachines.org/docs/manual-install.php

 - - - - - - - - - - - - - - - - - - - - - - - - - - - - - - - - - - - - - - -->

<package-info xmlns="http://www.simplemachines.org/xml/package-info" xmlns:smf="http://www.simplemachines.org/">
	<id>smf:smf-1.0.13-1.1.5-2.0.b3.1</id>
	<name>SMF 1.0.13 / 1.1.5 / 2.0 b3.1 Update</name>
	<version>1.0</version>

	<type>modification</type>

	<install for="1.0.12">
		<readme type="inline">
			This patch file will update your forum to SMF 1.0.13.
		</readme>
		<modification type="file" format="boardmod">smf_1-0-12_to_1-0-13_patch.mod</modification>
		<modification type="file" format="xml">smf_1-0-13_can_fail.xml</modification>
	</install>
	<install for="1.1.4">
		<readme type="inline">
			This patch file will update your forum to SMF 1.1.5.
		</readme>
		<modification type="file" format="boardmod">smf_1-1-4_to_1-1-5_patch.mod</modification>
		<modification type="file" format="xml">smf_1-1-5_can_fail.xml</modification>
	</install>
	<install for="2.0 Beta 3 Public">
		<readme type="inline">
			This patch file will update your forum to SMF 2.0 beta 3.1.
		</readme>
		<modification type="file" format="boardmod">smf_2-0-b3_to_2-0-b3-1_patch.mod</modification>
	</install>
	<uninstall for="1.0.13">
		<modification type="file" format="boardmod" reverse="true">smf_1-0-12_to_1-0-13_patch.mod</modification>
		<modification type="file" format="xml" reverse="true">smf_1-0-13_can_fail.xml</modification>
	</uninstall>
	<uninstall for="1.1.5">
		<modification type="file" format="boardmod" reverse="true">smf_1-1-4_to_1-1-5_patch.mod</modification>
		<modification type="file" format="xml" reverse="true">smf_1-1-5_can_fail.xml</modification>
	</uninstall>
	<uninstall for="2.0 Beta 3.1 Public">
		<modification type="file" format="boardmod" reverse="true">smf_2-0-b3_to_2-0-b3-1_patch.mod</modification>
	</uninstall>
</package-info>