<modification xmlns="http://www.simplemachines.org/xml/modification" xmlns:smf="http://www.simplemachines.org/">
	<id>smf:smf-1.0.12-1.1.4-2.0.b1.1</id>
	<version>1.0</version>

	<file name="$sourcedir/ManageAttachments.php">
		<operation error="ignore">
			<search position="replace"><![CDATA[
				'id' => $row['ID_ATTACH'],
				'size' => round($row['filesize'] / 1024, 2),
				'name' => htmlspecialchars($row['filename']),
				'downloads' => $row['downloads'],
				'href' => $row['attachmentType'] == 1 ? $modSettings['custom_avatar_url'] . '/' . $row['filename'] : ($scripturl . '?action=dlattach;' . ($context['browse_type'] == 'avatars' ? 'type=avatar;' : 'topic=' . $row['ID_TOPIC'] . '.0;') . 'id=' . $row['ID_ATTACH']),
				'link' => '<a href="' . ($row['attachmentType'] == 1 ? $modSettings['custom_avatar_url'] . '/' . $row['filename'] : ($scripturl . '?action=dlattach;' . ($context['browse_type'] == 'avatars' ? 'type=avatar;' : 'topic=' . $row['ID_TOPIC'] . '.0;') . 'id=' . $row['ID_ATTACH'])) . '"' . (empty($row['width']) || empty($row['height']) ? '' : ' onclick="return reqWin(this.href + \';image\', ' . ($row['width'] + 20) . ', ' . ($row['height'] + 20) . ', true);"') . '>' . htmlspecialchars($row['filename']) . '</a>'
]]></search>
			<add><![CDATA[
				'id' => $row['ID_ATTACH'],
				'size' => round($row['filesize'] / 1024, 2),
				'name' => htmlspecialchars($row['filename']),
				'downloads' => $row['downloads'],
				'href' => $scripturl . '?action=dlattach;' . ($context['browse_avatars'] ? 'type=avatar;' : 'topic=' . $row['ID_TOPIC'] . '.0;') . 'id=' . $row['ID_ATTACH'],
				'link' => '<a href="' . $scripturl . '?action=dlattach;' . ($context['browse_avatars'] ? 'type=avatar;' : 'topic=' . $row['ID_TOPIC'] . '.0;') . 'id=' . $row['ID_ATTACH'] . '">' . htmlspecialchars($row['filename']) . '</a>'
]]></add>
		</operation>
		<operation error="ignore">
			<search position="replace"><![CDATA[
				'id' => $row['ID_ATTACH'],
				'size' => round($row['filesize'] / 1024, 2),
				'name' => $row['filename'],
				'downloads' => $row['downloads'],
				'href' => $scripturl . '?action=dlattach;' . ($context['browse_avatars'] ? 'type=avatar;' : 'topic=' . $row['ID_TOPIC'] . '.0;') . 'id=' . $row['ID_ATTACH'],
				'link' => '<a href="' . $scripturl . '?action=dlattach;' . ($context['browse_avatars'] ? 'type=avatar;' : 'topic=' . $row['ID_TOPIC'] . '.0;') . 'id=' . $row['ID_ATTACH'] . '">' . $row['filename'] . '</a>'
]]></search>
			<add><![CDATA[
				'id' => $row['ID_ATTACH'],
				'size' => round($row['filesize'] / 1024, 2),
				'name' => htmlspecialchars($row['filename']),
				'downloads' => $row['downloads'],
				'href' => $scripturl . '?action=dlattach;' . ($context['browse_avatars'] ? 'type=avatar;' : 'topic=' . $row['ID_TOPIC'] . '.0;') . 'id=' . $row['ID_ATTACH'],
				'link' => '<a href="' . $scripturl . '?action=dlattach;' . ($context['browse_avatars'] ? 'type=avatar;' : 'topic=' . $row['ID_TOPIC'] . '.0;') . 'id=' . $row['ID_ATTACH'] . '">' . htmlspecialchars($row['filename']) . '</a>'
]]></add>
		</operation>
	</file>
</modification>