<?xml version="1.0"?>
<!DOCTYPE modification SYSTEM "http://www.simplemachines.org/xml/modification">
<modification xmlns="http://www.simplemachines.org/xml/modification" xmlns:smf="http://www.simplemachines.org/">
	<id>[SiNaN]:SimplePortal</id>
	<version>2.2.2</version>
	<file name="$languagedir/Who.english.php">
		<operation>
			<search position="replace"><![CDATA[$txt['who_index'] = 'Viewing the board index of <a href="' . $scripturl . '">' . $context['forum_name'] . '</a>.';]]></search>
			<add><![CDATA[$txt['who_index'] = 'Viewing <a href="' . $context['portal_url'] . '">Portal</a>.';
$txt['whoall_forum'] = 'Viewing <a href="' . $scripturl . '?action=forum">Forum</a>.';]]></add>
		</operation>
	</file>
	<file name="$languagedir/Who.english-utf8.php" error="skip">
		<operation>
			<search position="replace"><![CDATA[$txt['who_index'] = 'Viewing the board index of <a href="' . $scripturl . '">' . $context['forum_name'] . '</a>.';]]></search>
			<add><![CDATA[$txt['who_index'] = 'Viewing <a href="' . $context['portal_url'] . '">Portal</a>.';
$txt['whoall_forum'] = 'Viewing <a href="' . $scripturl . '?action=forum">Forum</a>.';]]></add>
		</operation>
	</file>
</modification>