<?xml version="1.0"?>
<!DOCTYPE modification SYSTEM "http://www.simplemachines.org/xml/modification">
<modification xmlns="http://www.simplemachines.org/xml/modification" xmlns:smf="http://www.simplemachines.org/">
	<id>[SiNaN]:SimplePortal</id>
	<version>2.2.2</version>
	<file name="$boarddir/index.php">
		<operation>
			<search position="replace"><![CDATA[		'findmember' => array('Subs-Auth.php', 'JSMembers'),]]></search>
			<add><![CDATA[		'findmember' => array('Subs-Auth.php', 'JSMembers'),
		'forum' => array('BoardIndex.php', 'BoardIndex'),]]></add>
		</operation>
		<operation>
			<search position="replace"><![CDATA[		// Action and board are both empty... BoardIndex!
		if (empty($board) && empty($topic))
		{
			require_once($sourcedir . '/BoardIndex.php');
			return 'BoardIndex';
		}]]></search>
			<add><![CDATA[		// Action and board are both empty... SPortal!
		if (empty($board) && empty($topic) && $modSettings['sp_portal_mode'] == 1)
		{
			require_once($sourcedir . '/SPortal2.php');
			return 'SPortal';
		}
		// Action and board are still both empty but no portal... BoardIndex
		elseif (empty($board) && empty($topic))
		{
			require_once($sourcedir . '/BoardIndex.php');
			return 'BoardIndex';
		}]]></add>
		</operation>
		<operation>
			<search position="replace"><![CDATA[	// Is the forum in maintenance mode? (doesn't apply to administrators.)
	if (!empty($maintenance) && !allowedTo('admin_forum'))]]></search>
			<add><![CDATA[	// Load SimplePortal.
	sportal_init();

	// Is the forum in maintenance mode? (doesn't apply to administrators.)
	if (!empty($maintenance) && !allowedTo('admin_forum'))]]></add>
		</operation>
		<operation>
			<search position="replace"><![CDATA[require_once($sourcedir . '/Security.php');]]></search>
			<add><![CDATA[require_once($sourcedir . '/Security.php');
require_once($sourcedir . '/SPortal2.php');]]></add>
		</operation>
		<operation>
			<search position="replace"><![CDATA[empty($modSettings['allow_guestAccess'])]]></search>
			<add><![CDATA[empty($modSettings['allow_guestAccess']) && !(!empty($_REQUEST['action']) && $_REQUEST['action'] == 'dlattach' && !empty($_REQUEST['type']) && $_REQUEST['type'] == 'avatar') && !(empty($_REQUEST['action']) && empty($board) && empty($topic) && $modSettings['sp_portal_mode'] == 1)]]></add>
		</operation>
	</file>
	<file name="$boarddir/SSI.php">
		<operation>
			<search position="replace"><![CDATA[require_once($sourcedir . '/Security.php');]]></search>
			<add><![CDATA[require_once($sourcedir . '/Security.php');
require_once($sourcedir . '/SPortal2.php');]]></add>
		</operation>
		<operation>
			<search position="replace"><![CDATA[loadPermissions();]]></search>
			<add><![CDATA[loadPermissions();

// Load some SP stuff.
sportal_init();]]></add>
		</operation>
	</file>
	<file name="$sourcedir/Admin.php">
		<operation>
			<search position="replace"><![CDATA[	loadLanguage('Admin');]]></search>
			<add><![CDATA[	loadLanguage('Admin');
	loadLanguage('SPortalAdmin', sp_languageSelect('SPortalAdmin'));]]></add>
		</operation>
		<operation>
			<search position="replace"><![CDATA[		),
		'members' => array(]]></search>
			<add><![CDATA[		),
		'sportal' => array(
			'title' => $txt['sp-adminCatTitle'],
			'permission' => array('sp_moderate'),
			'areas' => array(
				'sportalconfig' => array(
					'label' => $txt['sp-adminConfiguration'],
					'file' => 'SPortalAdmin2.php',
					'function' => 'SPortalAdmin_Config',
					'icon' => 'configuration.png',
					'subsections' => array(
						'information' => array($txt['sp-info_title']),
						'generalsettings' => array($txt['sp-adminGeneralSettingsName']),
						'blocksettings' => array($txt['sp-adminBlockSettingsName']),
						'articlesettings' => array($txt['sp-adminArticleSettingsName']),
					),
				),
				'blocks' => array(
					'label' => $txt['sp-blocksBlocks'],
					'file' => 'SPortalAdmin2.php',
					'function' => 'SPortalAdmin_Blocks',
					'icon' => 'blocks.png',
					'subsections' => array(
						'list' => array($txt['sp-adminBlockListName']),
						'add' => array($txt['sp-adminBlockAddName']),
						'left' => array($txt['sp-positionLeft']),
						'top' => array($txt['sp-positionTop']),
						'bottom' => array($txt['sp-positionBottom']),
						'right' => array($txt['sp-positionRight']),
					),
				),
				'articles' => array(
					'label' => $txt['sp-adminColumnArticles'],
					'file' => 'SPortalAdmin2.php',
					'function' => 'SPortalAdmin_Articles',
					'icon' => 'articles.png',
					'subsections' => array(
						'list' => array($txt['sp-adminArticleListName']),
						'add' => array($txt['sp-adminArticleAddName']),
					),
				),
				'categories' => array(
					'label' => $txt['sp-categoriesCategories'],
					'file' => 'SPortalAdmin2.php',
					'function' => 'SPortalAdmin_Categories',
					'icon' => 'categories.png',
					'subsections' => array(
						'list' => array($txt['sp-adminCategoryListName']),
						'add' => array($txt['sp-adminCategoryAddName']),
					),
				),
			),
		),
		'members' => array(]]></add>
		</operation>
		<operation>
			<search position="replace"><![CDATA['ManageSearchEngines', 'ManageServer', 'ManageSmileys',]]></search>
			<add><![CDATA['ManageSearchEngines', 'ManageServer', 'ManageSmileys', 'SPortalAdmin2',]]></add>
		</operation>
		<operation>
			<search position="replace"><![CDATA[	foreach ($settings_search as $setting_area)]]></search>
			<add><![CDATA[	// We are more than "real freaking good" Grudge. ;P
	$settings_search = array_merge($settings_search, array(
		array('GeneralSettings', 'area=sportalconfig;sa=generalsettings'),
		array('BlockSettings', 'area=sportalconfig;sa=blocksettings'),
		array('ArticleSettings', 'area=sportalconfig;sa=articlesettings'),
	));

	foreach ($settings_search as $setting_area)]]></add>
		</operation>
	</file>
	<file name="$sourcedir/Display.php">
		<operation>
			<search position="replace"><![CDATA[	$context['can_reply'] &= empty($topicinfo['locked']) || allowedTo('moderate_board');]]></search>
			<add><![CDATA[	$context['can_reply'] &= empty($topicinfo['locked']) || allowedTo('moderate_board');
	$context['can_make_article'] = allowedTo('sp_add_article') || allowedTo('sp_moderate');]]></add>
		</operation>
	</file>
	<file name="$sourcedir/Help.php">
		<operation>
			<search position="replace"><![CDATA[	// Load the admin help language file and template.
	loadLanguage('Help');]]></search>
			<add><![CDATA[	// Load the admin help language file and template.
	loadLanguage('Help');
	// Load the Simple Portal Help file.
	loadLanguage('SPortalHelp', sp_languageSelect('SPortalHelp'));]]></add>
		</operation>
	</file>
	<file name="$sourcedir/Load.php">
		<operation>
			<search position="replace"><![CDATA[	// Verify the id_theme... no foul play.]]></search>
			<add><![CDATA[	// Maybe we have a portal specific theme?
	if (!isset($_GET['action']) && !isset($_GET['board']) && !isset($_GET['topic']) && ($modSettings['sp_portal_mode'] == 1 || !empty($context['standalone'])) && !empty($modSettings['portaltheme']))
		$id_theme = (int) $modSettings['portaltheme'];

	// SMF doesn't seem to be liking -1...
	if ($id_theme == -1 && !empty($_SESSION['id_theme']))
	{
		unset($_SESSION['id_theme']);
		$id_theme = $modSettings['theme_guests'];
	}

	// Verify the id_theme... no foul play.]]></add>
		</operation>
		<operation>
			<search position="replace"><![CDATA[	// Wireless mode?  Load up the wireless stuff.]]></search>
			<add><![CDATA[	// We'll be on the safe side, and load our language here!
	loadLanguage('SPortal', '', false);
	$cur_language = isset($user_info['language']) ? $user_info['language'] : $language;
	if ($cur_language !== 'english')
		loadLanguage('SPortal', 'english', false);

	// Wireless mode?  Load up the wireless stuff.]]></add>
		</operation>
		<operation>
			<search position="replace"><![CDATA[		'htmlspecialchars' => create_function('$string, $quote_style = ENT_COMPAT, $charset = \'ISO-8859-1\'', ']]></search>
			<add><![CDATA[		'strrpos' => create_function('$haystack, $needle, $offset = 0', '
			global $smcFunc;
			$haystack_arr = preg_split(\'~(&#' . (empty($modSettings['disableEntityCheck']) ? '\d{1,7}' : '021') . ';|&quot;|&amp;|&lt;|&gt;|&nbsp;|.)~' . ($utf8 ? 'u' : '') . '\', ' . implode('$haystack', $ent_check) . ', -1, PREG_SPLIT_DELIM_CAPTURE | PREG_SPLIT_NO_EMPTY);
			$haystack_size = count($haystack_arr);
			if (strlen($needle) === 1)
			{
				$result = array_keys(array_slice($haystack_arr, $offset), $needle);
				if (!empty($result) && is_array($result))
					$result = max($result);
				return is_int($result) ? $result + $offset : false;
			}
			else
				return false;'),
		'htmlspecialchars' => create_function('$string, $quote_style = ENT_COMPAT, $charset = \'ISO-8859-1\'', ']]></add>
		</operation>
	</file>
	<file name="$sourcedir/ManagePermissions.php">
		<operation>
			<search position="replace"><![CDATA[			'pm_read' => array(false, 'pm', 'use_pm_system'),]]></search>
			<add><![CDATA[			'pm_read' => array(false, 'pm', 'use_pm_system'),
			'sp_moderate' => array(false, 'sp', 'sp'),
			'sp_add_article' => array(false, 'sp', 'sp'),
			'sp_auto_article_approval' => array(false, 'sp', 'sp'),]]></add>
		</operation>
		<operation>
			<search position="replace"><![CDATA[				'pm',]]></search>
			<add><![CDATA[				'pm',
				'sp',]]></add>
		</operation>
		<operation>
			<search position="replace"><![CDATA[				'use_pm_system',]]></search>
			<add><![CDATA[				'use_pm_system',
				'sp',]]></add>
		</operation>
	</file>
	<file name="$sourcedir/ManageServer.php">
		<operation>
			<search position="replace"><![CDATA[	loadLanguage('Help');]]></search>
			<add><![CDATA[	loadLanguage('Help');
	loadLanguage('SPortalHelp', sp_languageSelect('SPortalHelp'));]]></add>
		</operation>
	</file>
	<file name="$sourcedir/QueryString.php">
		<operation>
			<search position="replace"><![CDATA[	// If $scripturl is set to nothing, or the SID is not defined (SSI?) just quit.]]></search>
			<add><![CDATA[	// It's just a blue dream...
	if (function_exists('sp_query_string'))
		$buffer = sp_query_string($buffer);

	// If $scripturl is set to nothing, or the SID is not defined (SSI?) just quit.]]></add>
		</operation>
	</file>
	<file name="$sourcedir/Recent.php">
		<operation>
			<search position="replace"><![CDATA[				'href' => $scripturl . '#c' . $row['id_cat'],
				'link' => '<a href="' . $scripturl . '#c' . $row['id_cat'] . '">' . $row['cname'] . '</a>']]></search>
			<add><![CDATA[				'href' => $scripturl . '?action=forum#c' . $row['id_cat'],
				'link' => '<a href="' . $scripturl . '?action=forum#c' . $row['id_cat'] . '">' . $row['cname'] . '</a>']]></add>
		</operation>
		<operation>
			<search position="replace"><![CDATA[				'url' => $scripturl . '#c' . (int) $_REQUEST['c'],]]></search>
			<add><![CDATA[				'url' => $scripturl . '?action=forum#c' . (int) $_REQUEST['c'],]]></add>
		</operation>
		<operation>
			<search position="replace"><![CDATA[			'url' => $scripturl . '#c' . (int) $_REQUEST['c'][0],]]></search>
			<add><![CDATA[			'url' => $scripturl . '?action=forum#c' . (int) $_REQUEST['c'][0],]]></add>
		</operation>
	</file>
	<file name="$sourcedir/Subs.php">
		<operation>
			<search position="replace"><![CDATA['admin_forum', 'manage_boards']]></search>
			<add><![CDATA['admin_forum', 'manage_boards', 'sp_moderate']]></add>
		</operation>
		<operation>
			<search position="replace"><![CDATA[			'home' => array(
				'title' => $txt['home'],
				'href' => $scripturl,
				'show' => true,
				'sub_buttons' => array(
				),
			),]]></search>
			<add><![CDATA[			'home' => array(
				'title' => $txt['home'],
				'href' => $modSettings['sp_portal_mode'] == 3 ? $modSettings['sp_standalone_url'] : $scripturl,
				'show' => true,
				'sub_buttons' => array(
				),
			),
			'forum' => array(
				'title' => empty($txt['sp-forum']) ? 'Forum' : $txt['sp-forum'],
				'href' => $scripturl . ($modSettings['sp_portal_mode'] == 1 ? '?action=forum' : ''),
				'show' => in_array($modSettings['sp_portal_mode'], array(1, 3)),
				'sub_buttons' => array(
				),
			),]]></add>
		</operation>
		<operation>
			<search position="replace"><![CDATA[	$add = preg_match('~^(ftp|http)[s]?://~', $setLocation) == 0 && substr($setLocation, 0, 6) != 'about:';]]></search>
			<add><![CDATA[	$add = preg_match('~^(ftp|http)[s]?://~', $setLocation) == 0 && substr($setLocation, 0, 6) != 'about:';

	// Redirect to the forums action not the portal, when Simple Portal is active. ;)
	if ((empty($setLocation) || $scripturl == $setLocation) && $modSettings['sp_portal_mode'] == 1 && empty($modSettings['sp_disableForumRedirect']))
		$setLocation = 'action=forum';]]></add>
		</operation>
		<operation>
			<search position="replace"><![CDATA[	$current_action = 'home';]]></search>
			<add><![CDATA[	$current_action = $modSettings['sp_portal_mode'] == 3 && empty($context['standalone']) ? 'forum' : 'home';]]></add>
		</operation>
		<operation>
			<search position="replace"><![CDATA[		$current_action = isset($_REQUEST['sa']) && $_REQUEST['sa'] == 'pick' ? 'profile' : 'admin';]]></search>
			<add><![CDATA[		$current_action = isset($_REQUEST['sa']) && $_REQUEST['sa'] == 'pick' ? 'profile' : 'admin';
	elseif((isset($_GET['board']) || isset($_GET['topic']) || in_array($context['current_action'], array('unread', 'unreadreplies'))) && in_array($modSettings['sp_portal_mode'], array(1, 3)))
		$current_action = 'forum';]]></add>
		</operation>
	</file>
	<file name="$sourcedir/Subs-BoardIndex.php">
		<operation>
			<search position="replace"><![CDATA[				'href' => $scripturl . '#c' . $row_board['id_cat'],]]></search>
			<add><![CDATA[				'href' => $scripturl . '?action=forum#c' . $row_board['id_cat'],]]></add>
		</operation>
	</file>
	<file name="$sourcedir/Subs-Boards.php">
		<operation>
			<search position="replace"><![CDATA[		if (isset($_SESSION['topicseen_cache']))
			$_SESSION['topicseen_cache'] = array();

		redirectexit();]]></search>
			<add><![CDATA[		if (isset($_SESSION['topicseen_cache']))
			$_SESSION['topicseen_cache'] = array();

		redirectexit('action=forum');]]></add>
		</operation>
	</file>
	<file name="$themedir/Display.template.php">
		<operation>
			<search position="replace"><![CDATA[	// Show the page index... "Pages: [1]".]]></search>
			<add><![CDATA[	// Make Article Button
	if ($context['can_make_article'])
		$normal_buttons['article'] = array('text' => 'sp-make_article', 'image' => 'addarticle.gif', 'lang' => true, 'url' => $context['portal_url'] . '?sa=addarticle;message=' . $context['topic_first_message'] . ';return=' . $context['current_topic'] . '.' . $context['start'] . ';sesc=' . $context['session_id']);

	// Show the page index... "Pages: [1]".]]></add>
		</operation>
	</file>
</modification>