<?xml version="1.0"?>
<!DOCTYPE modification SYSTEM "http://www.simplemachines.org/xml/modification">
<modification xmlns="http://www.simplemachines.org/xml/modification" xmlns:smf="http://www.simplemachines.org/">
	<id>[SiNaN]:SimplePortal</id>
	<version>2.2.2</version>
	<file name="$boarddir/index.php">
		<operation>
			<search position="replace"><![CDATA[		'findmember' => array('Subs-Auth.php', 'JSMembers'),]]></search>
			<add><![CDATA[		'findmember' => array('Subs-Auth.php', 'JSMembers'),
		'forum' => array('BoardIndex.php', 'BoardIndex'),
		'spadmin' => array('SPortalAdmin1-1.php', 'SPortalAdmin'),]]></add>
		</operation>
		<operation>
			<search position="replace"><![CDATA[		// Action and board are both empty... BoardIndex!
		if (empty($board) && empty($topic))
		{
			require_once($sourcedir . '/BoardIndex.php');
			return 'BoardIndex';
		}]]></search>
			<add><![CDATA[		// Action and board are both empty... SPortal!
		if (empty($board) && empty($topic) && $modSettings['sp_portal_mode'] == 1)
		{
			require_once($sourcedir . '/SPortal1-1.php');
			return 'SPortal';
		}
		// Action and board are still both empty but no portal... BoardIndex
		elseif (empty($board) && empty($topic))
		{
			require_once($sourcedir . '/BoardIndex.php');
			return 'BoardIndex';
		}]]></add>
		</operation>
		<operation>
			<search position="replace"><![CDATA[	// Is the forum in maintenance mode? (doesn't apply to administrators.)
	if (!empty($maintenance) && !allowedTo('admin_forum'))]]></search>
			<add><![CDATA[	// Load SimplePortal.
	sportal_init();

	// Is the forum in maintenance mode? (doesn't apply to administrators.)
	if (!empty($maintenance) && !allowedTo('admin_forum'))]]></add>
		</operation>
		<operation>
			<search position="replace"><![CDATA[require_once($sourcedir . '/Security.php');]]></search>
			<add><![CDATA[require_once($sourcedir . '/Security.php');
require_once($sourcedir . '/SPortal1-1.php');]]></add>
		</operation>
		<operation>
			<search position="replace"><![CDATA[empty($modSettings['allow_guestAccess'])]]></search>
			<add><![CDATA[empty($modSettings['allow_guestAccess']) && !(!empty($_REQUEST['action']) && $_REQUEST['action'] == 'dlattach' && !empty($_REQUEST['type']) && $_REQUEST['type'] == 'avatar') && !(empty($_REQUEST['action']) && empty($board) && empty($topic) && $modSettings['sp_portal_mode'] == 1)]]></add>
		</operation>
	</file>
	<file name="$boarddir/SSI.php">
		<operation>
			<search position="replace"><![CDATA[require_once($sourcedir . '/Security.php');]]></search>
			<add><![CDATA[require_once($sourcedir . '/Security.php');
require_once($sourcedir . '/SPortal1-1.php');]]></add>
		</operation>
		<operation>
			<search position="replace"><![CDATA[loadPermissions();]]></search>
			<add><![CDATA[loadPermissions();

// Load some SP stuff.
sportal_init();]]></add>
		</operation>
	</file>
	<file name="$sourcedir/Admin.php">
		<operation>
			<search position="replace"><![CDATA['manage_smileys', 'manage_attachments']]></search>
			<add><![CDATA['manage_smileys', 'manage_attachments', 'sp_moderate']]></add>
		</operation>
	</file>
	<file name="$sourcedir/BoardIndex.php">
		<operation>
			<search position="replace"><![CDATA[				'href' => $scripturl . '#' . $row_board['ID_CAT'],]]></search>
			<add><![CDATA[				'href' => $scripturl . '?action=forum#' . $row_board['ID_CAT'],]]></add>
		</operation>
	</file>
	<file name="$sourcedir/Display.php">
		<operation>
			<search position="replace"><![CDATA[	$context['can_reply'] &= empty($topicinfo['locked']) || allowedTo('moderate_board');]]></search>
			<add><![CDATA[	$context['can_reply'] &= empty($topicinfo['locked']) || allowedTo('moderate_board');
	$context['can_make_article'] = allowedTo('sp_add_article') || allowedTo('sp_moderate');]]></add>
		</operation>
	</file>
	<file name="$sourcedir/Help.php">
		<operation>
			<search position="replace"><![CDATA[	// Load the admin help language file and template.
	loadLanguage('Help');]]></search>
			<add><![CDATA[	// Load the admin help language file and template.
	loadLanguage('Help');
	if (loadLanguage('SPortalHelp', '', false) === false)
		loadLanguage('SPortalHelp', 'english');]]></add>
		</operation>
	</file>
	<file name="$sourcedir/Load.php">
		<operation>
			<search position="replace"><![CDATA[	// Verify the ID_THEME... no foul play.]]></search>
			<add><![CDATA[	// Maybe we have a portal specific theme?
	if (!isset($_GET['action']) && !isset($_GET['board']) && !isset($_GET['topic']) && ($modSettings['sp_portal_mode'] == 1 || !empty($context['standalone'])) && !empty($modSettings['portaltheme']))
		$ID_THEME = (int) $modSettings['portaltheme'];

	// SMF doesn't seem to be liking -1...
	if ($ID_THEME == -1 && !empty($_SESSION['ID_THEME']))
	{
		unset($_SESSION['ID_THEME']);
		$ID_THEME = $modSettings['theme_guests'];
	}

	// Verify the ID_THEME... no foul play.]]></add>
		</operation>
		<operation>
			<search position="replace"><![CDATA[	// Wireless mode?  Load up the wireless stuff.]]></search>
			<add><![CDATA[	// We'll be on the safe side, and load our language here!
	if (loadLanguage('SPortal', '', false) === false)
		loadLanguage('SPortal', 'english', false);

	// Wireless mode?  Load up the wireless stuff.]]></add>
		</operation>
		<operation>
			<search position="replace"><![CDATA[		'htmlspecialchars' => create_function('$string, $quote_style = ENT_COMPAT, $charset = \'ISO-8859-1\'', ']]></search>
			<add><![CDATA[		'strrpos' => create_function('$haystack, $needle, $offset = 0', '
			global $func;
			$haystack_arr = preg_split(\'~(&#' . (empty($modSettings['disableEntityCheck']) ? '\d{1,7}' : '021') . ';|&quot;|&amp;|&lt;|&gt;|&nbsp;|.)~' . ($utf8 ? 'u' : '') . '\', ' . implode('$haystack', $ent_check) . ', -1, PREG_SPLIT_DELIM_CAPTURE | PREG_SPLIT_NO_EMPTY);
			$haystack_size = count($haystack_arr);
			if (strlen($needle) === 1)
			{
				$result = array_keys(array_slice($haystack_arr, $offset), $needle);
				if (!empty($result) && is_array($result))
					$result = max($result);
				return is_int($result) ? $result + $offset : false;
			}
			else
				return false;'),
		'htmlspecialchars' => create_function('$string, $quote_style = ENT_COMPAT, $charset = \'ISO-8859-1\'', ']]></add>
		</operation>
	</file>
	<file name="$sourcedir/ManagePermissions.php">
		<operation>
			<search position="replace"><![CDATA[			'pm' => array(]]></search>
			<add><![CDATA[			'sp' => array(
				'sp_moderate' => false,
				'sp_add_article' => false,
				'sp_auto_article_approval' => false,
			),
			'pm' => array(]]></add>
		</operation>
	</file>
	<file name="$sourcedir/ManageServer.php">
		<operation>
			<search position="replace"><![CDATA[	loadLanguage('Help');]]></search>
			<add><![CDATA[	loadLanguage('Help');
	if (loadLanguage('SPortalHelp', '', false) === false)
		loadLanguage('SPortalHelp', 'english');]]></add>
		</operation>
	</file>
	<file name="$sourcedir/QueryString.php">
		<operation>
			<search position="replace"><![CDATA[	// If $scripturl is set to nothing, or the SID is not defined (SSI?) just quit.]]></search>
			<add><![CDATA[	// It's just a blue dream...
	if (function_exists('sp_query_string'))
		$buffer = sp_query_string($buffer);

	// If $scripturl is set to nothing, or the SID is not defined (SSI?) just quit.]]></add>
		</operation>
	</file>
	<file name="$sourcedir/Recent.php">
		<operation>
			<search position="replace"><![CDATA[				'href' => $scripturl . '#' . $row['ID_CAT'],
				'link' => '<a href="' . $scripturl . '#' . $row['ID_CAT'] . '">' . $row['cname'] . '</a>']]></search>
			<add><![CDATA[				'href' => $scripturl . '?action=forum#' . $row['ID_CAT'],
				'link' => '<a href="' . $scripturl . '?action=forum#' . $row['ID_CAT'] . '">' . $row['cname'] . '</a>']]></add>
		</operation>
		<operation>
			<search position="replace"><![CDATA[				'url' => $scripturl . '#' . (int) $_REQUEST['c'],]]></search>
			<add><![CDATA[				'url' => $scripturl . '?action=forum#' . (int) $_REQUEST['c'],]]></add>
		</operation>
		<operation>
			<search position="replace"><![CDATA[			'url' => $scripturl . '#' . (int) $_REQUEST['c'][0],]]></search>
			<add><![CDATA[			'url' => $scripturl . '?action=forum#' . (int) $_REQUEST['c'][0],]]></add>
		</operation>
	</file>
	<file name="$sourcedir/Subs.php">
		<operation>
			<search position="replace"><![CDATA['admin_forum', 'manage_boards']]></search>
			<add><![CDATA['admin_forum', 'manage_boards', 'sp_moderate']]></add>
		</operation>
		<operation>
			<search position="replace"><![CDATA[	// Admin area 'Members'.]]></search>
			<add><![CDATA[	if (allowedTo('sp_moderate')) 
	{
		if (loadLanguage('SPortalAdmin', '', false) === false)
			loadLanguage('SPortalAdmin', 'english', false);

		$context['admin_areas']['sportal'] = array(
			'title' => $txt['sp-adminCatTitle'],
			'areas' => array(
				'config' => '<a href="' . $scripturl . '?action=spadmin;area=config">' . $txt['sp-adminConfiguration'] . '</a>',
				'blocks' => '<a href="' . $scripturl . '?action=spadmin;area=blocks">' . $txt['sp-blocksBlocks'] . '</a>',
				'articles' => '<a href="' . $scripturl . '?action=spadmin;area=articles">' . $txt['sp-adminColumnArticles'] . '</a>',
				'categories' => '<a href="' . $scripturl . '?action=spadmin;area=categories">' . $txt['sp-categoriesCategories'] . '</a>',
			)
		);
	}

	// Admin area 'Members'.]]></add>
		</operation>
		<operation>
			<search position="replace"><![CDATA[	$add = preg_match('~^(ftp|http)[s]?://~', $setLocation) == 0 && substr($setLocation, 0, 6) != 'about:';]]></search>
			<add><![CDATA[	$add = preg_match('~^(ftp|http)[s]?://~', $setLocation) == 0 && substr($setLocation, 0, 6) != 'about:';

	// We need the empty redirect for the smf portal go to the action=forum site =)
	if ((empty($setLocation) || $scripturl == $setLocation) && $modSettings['sp_portal_mode'] == 1 && empty($modSettings['sp_disableForumRedirect']))
		$setLocation = 'action=forum';]]></add>
		</operation>
	</file>
	<file name="$themedir/index.template.php">
		<operation>
			<search position="replace"><![CDATA[	$current_action = 'home';]]></search>
			<add><![CDATA[	global $modSettings;
	$current_action = $modSettings['sp_portal_mode'] == 3 && empty($context['standalone']) ? 'forum' : 'home';]]></add>
		</operation>
		<operation>
			<search position="replace"><![CDATA['login', 'help', 'pm']]></search>
			<add><![CDATA['login', 'help', 'pm', 'forum']]></add>
		</operation>
		<operation>
			<search position="replace"><![CDATA['smileys', 'viewErrorLog', 'viewmembers']]></search>
			<add><![CDATA['smileys', 'viewErrorLog', 'viewmembers', 'spadmin']]></add>
		</operation>
		<operation>
			<search position="replace"><![CDATA[		$current_action = 'search';]]></search>
			<add><![CDATA[		$current_action = 'search';
	if ((isset($_GET['board']) || isset($_GET['topic']) || in_array($context['current_action'], array('unread', 'unreadreplies'))) && in_array($modSettings['sp_portal_mode'], array(1, 3)))
		$current_action = 'forum';]]></add>
		</operation>
		<operation>
			<search position="replace"><![CDATA[	// Show the [home] button.
	echo ($current_action=='home' || $context['browser']['is_ie4']) ? '<td class="maintab_active_' . $first . '">&nbsp;</td>' : '' , '
				<td valign="top" class="maintab_' , $current_action == 'home' ? 'active_back' : 'back' , '">
					<a href="', $scripturl, '">' , $txt[103] , '</a>
				</td>' , $current_action == 'home' ? '<td class="maintab_active_' . $last . '">&nbsp;</td>' : '';]]></search>
			<add><![CDATA[	// Show the [home] button.
	echo ($current_action=='home' || $context['browser']['is_ie4']) ? '<td class="maintab_active_' . $first . '">&nbsp;</td>' : '' , '
				<td valign="top" class="maintab_' , $current_action == 'home' ? 'active_back' : 'back' , '">
					<a href="', ($modSettings['sp_portal_mode'] == 3 ? $modSettings['sp_standalone_url'] : $scripturl), '">' , $txt[103] , '</a>
				</td>' , $current_action == 'home' ? '<td class="maintab_active_' . $last . '">&nbsp;</td>' : '';

	// Show the [forum] button.
	if (in_array($modSettings['sp_portal_mode'], array(1, 3)))
		echo ($current_action=='forum' || $context['browser']['is_ie4']) ? '<td class="maintab_active_' . $first . '">&nbsp;</td>' : '' , '
				<td valign="top" class="maintab_' , $current_action == 'forum' ? 'active_back' : 'back' , '">
					<a href="', $scripturl . ($modSettings['sp_portal_mode'] == 1 ? '?action=forum' : ''), '">', empty($txt['sp-forum']) ? 'Forum' : $txt['sp-forum'], '</a>
				</td>' , $current_action=='forum' ? '<td class="maintab_active_' . $last . '">&nbsp;</td>' : '';]]></add>
		</operation>
	</file>
	<file name="$themedir/Display.template.php">
		<operation>
			<search position="replace"><![CDATA[	// Show the page index... "Pages: [1]".]]></search>
			<add><![CDATA[	// Make Article Button
	if ($context['can_make_article'])
		$normal_buttons['article'] = array('text' => 'sp-make_article', 'image' => 'addarticle.gif', 'lang' => true, 'url' => $context['portal_url'] . '?sa=addarticle;message=' . $context['topic_first_message'] . ';return=' . $context['current_topic'] . '.' . $context['start'] . ';sesc=' . $context['session_id']);

	// Show the page index... "Pages: [1]".]]></add>
		</operation>
	</file>
</modification>