<?xml version="1.0"?>
<!DOCTYPE package-info SYSTEM "http://www.simplemachines.org/xml/package-info">
<package-info xmlns="http://www.simplemachines.org/xml/package-info" xmlns:smf="http://www.simplemachines.org/">
	<id>[SiNaN]:SimplePortal</id>
	<name>SimplePortal</name>
	<version>2.2.2</version>
	<type>modification</type>
	<install for="1.1 - 1.1.99">
		<readme type="inline">This will install SimplePortal 2.2.2 for SMF 1.1.</readme>
		<modification>install1-1.xml</modification>
		<modification>english.xml</modification>
		<require-file name="SPStandalone.php" destination="$boarddir" />
		<require-file name="SPortal1-1.php" destination="$sourcedir" />
		<require-file name="SPortalAdmin1-1.php" destination="$sourcedir" />
		<require-file name="Subs-SPortal1-1.php" destination="$sourcedir" />
		<require-file name="SPortal1-1.template.php" destination="$themedir" />
		<require-file name="SPortalAdmin1-1.template.php" destination="$themedir" />
		<require-file name="SPortalBlocks1-1.template.php" destination="$themedir" />
		<require-file name="SPortal.english.php" destination="$languagedir" />
		<require-file name="SPortal.english-utf8.php" destination="$languagedir" />
		<require-file name="SPortalAdmin.english.php" destination="$languagedir" />
		<require-file name="SPortalAdmin.english-utf8.php" destination="$languagedir" />
		<require-file name="SPortalHelp.english.php" destination="$languagedir" />
		<require-file name="SPortalHelp.english-utf8.php" destination="$languagedir" />
		<require-file name="portal.css" destination="$themedir" />
		<require-file name="portal_rtl.css" destination="$themedir" />
		<require-file name="sp_pngfix.js" destination="$themedir" />
		<require-dir name="sp" destination="$imagesdir" />
		<code>install1-1.php</code>
		<redirect url="$scripturl?action=spadmin" timeout="5000">redirect.txt</redirect>
	</install>
	<install for="2.0 - 2.0.99">
		<readme type="inline">This will install SimplePortal 2.2.2 for SMF 2.0.</readme>
		<modification>install2.xml</modification>
		<modification>english.xml</modification>
		<require-file name="SPStandalone.php" destination="$boarddir" />
		<require-file name="SPortal2.php" destination="$sourcedir" />
		<require-file name="SPortalAdmin2.php" destination="$sourcedir" />
		<require-file name="Subs-SPortal2.php" destination="$sourcedir" />
		<require-file name="SPortal2.template.php" destination="$themedir" />
		<require-file name="SPortalAdmin2.template.php" destination="$themedir" />
		<require-file name="SPortalBlocks2.template.php" destination="$themedir" />
		<require-file name="SPortal.english.php" destination="$languagedir" />
		<require-file name="SPortal.english-utf8.php" destination="$languagedir" />
		<require-file name="SPortalAdmin.english.php" destination="$languagedir" />
		<require-file name="SPortalAdmin.english-utf8.php" destination="$languagedir" />
		<require-file name="SPortalHelp.english.php" destination="$languagedir" />
		<require-file name="SPortalHelp.english-utf8.php" destination="$languagedir" />
		<require-file name="portal.css" destination="$themedir/css" />
		<require-file name="portal_rtl.css" destination="$themedir/css" />
		<require-dir name="sp" destination="$imagesdir" />
		<require-dir name="admin" destination="$imagesdir" />
		<code>install2.php</code>
		<redirect url="$scripturl?action=admin;area=sportalconfig" timeout="5000">redirect.txt</redirect>
	</install>
	<upgrade for="1.1 - 1.1.99" from="2.2">
		<readme type="inline">This will upgrade SimplePortal to version 2.2.2 for SMF 1.1.</readme>
		<modification>upgrade1-1-221.xml</modification>
		<modification>upgrade1-1-222.xml</modification>
		<require-file name="SPStandalone.php" destination="$boarddir" />
		<require-file name="SPortal1-1.php" destination="$sourcedir" />
		<require-file name="SPortalAdmin1-1.php" destination="$sourcedir" />
		<require-file name="Subs-SPortal1-1.php" destination="$sourcedir" />
		<require-file name="SPortal1-1.template.php" destination="$themedir" />
		<require-file name="SPortalAdmin1-1.template.php" destination="$themedir" />
		<require-file name="SPortalBlocks1-1.template.php" destination="$themedir" />
		<require-file name="SPortal.english.php" destination="$languagedir" />
		<require-file name="SPortal.english-utf8.php" destination="$languagedir" />
		<require-file name="SPortalAdmin.english.php" destination="$languagedir" />
		<require-file name="SPortalAdmin.english-utf8.php" destination="$languagedir" />
		<require-file name="SPortalHelp.english.php" destination="$languagedir" />
		<require-file name="SPortalHelp.english-utf8.php" destination="$languagedir" />
		<require-file name="portal.css" destination="$themedir" />
		<require-file name="portal_rtl.css" destination="$themedir" />
		<require-file name="sp_pngfix.js" destination="$themedir" />
		<code>install1-1.php</code>
	</upgrade>
	<upgrade for="2.0 - 2.0.99" from="2.2">
		<readme type="inline">This will upgrade SimplePortal to version 2.2.2 for SMF 2.0.</readme>
		<modification>upgrade2-221.xml</modification>
		<modification>upgrade2-222.xml</modification>
		<require-file name="SPStandalone.php" destination="$boarddir" />
		<require-file name="SPortal2.php" destination="$sourcedir" />
		<require-file name="SPortalAdmin2.php" destination="$sourcedir" />
		<require-file name="Subs-SPortal2.php" destination="$sourcedir" />
		<require-file name="SPortal2.template.php" destination="$themedir" />
		<require-file name="SPortalAdmin2.template.php" destination="$themedir" />
		<require-file name="SPortalBlocks2.template.php" destination="$themedir" />
		<require-file name="SPortal.english.php" destination="$languagedir" />
		<require-file name="SPortal.english-utf8.php" destination="$languagedir" />
		<require-file name="SPortalAdmin.english.php" destination="$languagedir" />
		<require-file name="SPortalAdmin.english-utf8.php" destination="$languagedir" />
		<require-file name="SPortalHelp.english.php" destination="$languagedir" />
		<require-file name="SPortalHelp.english-utf8.php" destination="$languagedir" />
		<require-file name="portal.css" destination="$themedir/css" />
		<require-file name="portal_rtl.css" destination="$themedir/css" />
		<code>install2.php</code>
	</upgrade>
	<upgrade for="1.1 - 1.1.99" from="2.2.1">
		<readme type="inline">This will upgrade SimplePortal to version 2.2.2 for SMF 1.1.</readme>
		<modification>upgrade1-1-222.xml</modification>
		<require-file name="SPortal1-1.php" destination="$sourcedir" />
		<require-file name="SPortalAdmin1-1.php" destination="$sourcedir" />
		<require-file name="Subs-SPortal1-1.php" destination="$sourcedir" />
		<require-file name="SPortalHelp.english.php" destination="$languagedir" />
		<require-file name="SPortalHelp.english-utf8.php" destination="$languagedir" />
		<require-file name="sp_pngfix.js" destination="$themedir" />
		<code>install1-1.php</code>
	</upgrade>
	<upgrade for="2.0 - 2.0.99" from="2.2.1">
		<readme type="inline">This will upgrade SimplePortal to version 2.2.2 for SMF 2.0.</readme>
		<modification>upgrade2-222.xml</modification>
		<require-file name="SPortal2.php" destination="$sourcedir" />
		<require-file name="SPortalAdmin2.php" destination="$sourcedir" />
		<require-file name="Subs-SPortal2.php" destination="$sourcedir" />
		<require-file name="SPortalHelp.english.php" destination="$languagedir" />
		<require-file name="SPortalHelp.english-utf8.php" destination="$languagedir" />
		<code>install2.php</code>
	</upgrade>
	<uninstall for="1.1 - 1.1.99">
		<readme type="inline">This will uninstall SimplePortal 2.2.2 for SMF 1.1.</readme>
		<modification reverse="true">install1-1.xml</modification>
		<modification reverse="true">english.xml</modification>
		<remove-file name="$boarddir/SPStandalone.php" />
		<remove-file name="$sourcedir/SPortal1-1.php" />
		<remove-file name="$sourcedir/SPortalAdmin1-1.php" />
		<remove-file name="$sourcedir/Subs-SPortal1-1.php" />
		<remove-file name="$themedir/SPortal1-1.template.php" />
		<remove-file name="$themedir/SPortalAdmin1-1.template.php" />
		<remove-file name="$themedir/SPortalBlocks1-1.template.php" />
		<remove-file name="$languagedir/SPortal.english.php" />
		<remove-file name="$languagedir/SPortal.english-utf8.php" />
		<remove-file name="$languagedir/SPortalAdmin.english.php" />
		<remove-file name="$languagedir/SPortalAdmin.english-utf8.php" />
		<remove-file name="$languagedir/SPortalHelp.english.php" />
		<remove-file name="$languagedir/SPortalHelp.english-utf8.php" />
		<remove-file name="$themedir/portal.css" />
		<remove-file name="$themedir/portal_rtl.css" />
		<remove-file name="$themedir/sp_pngfix.js" />
		<remove-dir name="$imagesdir/sp" />
	</uninstall>
	<uninstall for="2.0 - 2.0.99">
		<readme type="inline">This will uninstall SimplePortal 2.2.2 for SMF 2.0.</readme>
		<modification reverse="true">install2.xml</modification>
		<modification reverse="true">english.xml</modification>
		<remove-file name="$boarddir/SPStandalone.php" />
		<remove-file name="$sourcedir/SPortal2.php" />
		<remove-file name="$sourcedir/SPortalAdmin2.php" />
		<remove-file name="$sourcedir/Subs-SPortal2.php" />
		<remove-file name="$themedir/SPortal2.template.php" />
		<remove-file name="$themedir/SPortalAdmin2.template.php" />
		<remove-file name="$themedir/SPortalBlocks2.template.php" />
		<remove-file name="$languagedir/SPortal.english.php" />
		<remove-file name="$languagedir/SPortal.english-utf8.php" />
		<remove-file name="$languagedir/SPortalAdmin.english.php" />
		<remove-file name="$languagedir/SPortalAdmin.english-utf8.php" />
		<remove-file name="$languagedir/SPortalHelp.english.php" />
		<remove-file name="$languagedir/SPortalHelp.english-utf8.php" />
		<remove-file name="$themedir/styles/portal.css" />
		<remove-file name="$themedir/styles/portal_rtl.css" />
		<remove-dir name="$imagesdir/sp" />
		<remove-file name="$imagesdir/admin/configuration.png" />
		<remove-file name="$imagesdir/admin/blocks.png" />
		<remove-file name="$imagesdir/admin/articles.png" />
		<remove-file name="$imagesdir/admin/categories.png" />
	</uninstall>
</package-info>