<?xml version="1.0"?>
<!DOCTYPE modification SYSTEM "http://www.simplemachines.org/xml/modification">
<modification xmlns="http://www.simplemachines.org/xml/modification" xmlns:smf="http://www.simplemachines.org/">
	<id>[SiNaN]:SimplePortal</id>
	<version>2.2.2</version>
	<file name="$boarddir/index.php">
		<operation>
			<search position="replace"><![CDATA[empty($modSettings['allow_guestAccess'])]]></search>
			<add><![CDATA[empty($modSettings['allow_guestAccess']) && !(!empty($_REQUEST['action']) && $_REQUEST['action'] == 'dlattach' && !empty($_REQUEST['type']) && $_REQUEST['type'] == 'avatar') && !(empty($_REQUEST['action']) && empty($board) && empty($topic) && $modSettings['sp_portal_mode'] == 1)]]></add>
		</operation>
	</file>
	<file name="$sourcedir/Load.php">
		<operation>
			<search position="replace"><![CDATA[		'htmlspecialchars' => create_function('$string, $quote_style = ENT_COMPAT, $charset = \'ISO-8859-1\'', ']]></search>
			<add><![CDATA[		'strrpos' => create_function('$haystack, $needle, $offset = 0', '
			global $smcFunc;
			$haystack_arr = preg_split(\'~(&#' . (empty($modSettings['disableEntityCheck']) ? '\d{1,7}' : '021') . ';|&quot;|&amp;|&lt;|&gt;|&nbsp;|.)~' . ($utf8 ? 'u' : '') . '\', ' . implode('$haystack', $ent_check) . ', -1, PREG_SPLIT_DELIM_CAPTURE | PREG_SPLIT_NO_EMPTY);
			$haystack_size = count($haystack_arr);
			if (strlen($needle) === 1)
			{
				$result = array_keys(array_slice($haystack_arr, $offset), $needle);
				if (!empty($result) && is_array($result))
					$result = max($result);
				return is_int($result) ? $result + $offset : false;
			}
			else
				return false;'),
		'htmlspecialchars' => create_function('$string, $quote_style = ENT_COMPAT, $charset = \'ISO-8859-1\'', ']]></add>
		</operation>
	</file>
</modification>