<?xml version="1.0"?>
<!DOCTYPE modification SYSTEM "http://www.simplemachines.org/xml/modification">
<modification xmlns="http://www.simplemachines.org/xml/modification" xmlns:smf="http://www.simplemachines.org/">
	<id>[SiNaN]:SimplePortal</id>
	<version>2.2.2</version>
	<file name="$sourcedir/QueryString.php">
		<operation error="ignore">
			<search position="replace"><![CDATA[	global $scripturl, $modSettings, $user_info, $context;

	// If $scripturl is set to nothing, or the SID is not defined (SSI?) just quit.]]></search>
			<add><![CDATA[	global $scripturl, $modSettings, $user_info, $context;

	// It's just a blue dream...
	if (function_exists('sp_query_string'))
		$buffer = sp_query_string($buffer);

	// If $scripturl is set to nothing, or the SID is not defined (SSI?) just quit.]]></add>
		</operation>
	</file>
</modification>