<modification xmlns="http://www.simplemachines.org/xml/modification" xmlns:smf="http://www.simplemachines.org/">
	<id>smf:smf-1.1.8</id>
	<version>1.0</version>

	<file name="$sourcedir/Packages.php" error="skip">
		<operation error="ignore">
			<search position="replace"><![CDATA[
function PackageInstallTest()
{
	global $boarddir, $txt, $context, $scripturl, $sourcedir, $modSettings;

	checkSession('get');]]></search>

			<add><![CDATA[
function PackageInstallTest()
{
	global $boarddir, $txt, $context, $scripturl, $sourcedir, $modSettings;

	checkSession('request');]]></add>
		</operation>
	</file>

	<file name="$themedir/languages/Packages.english.php" error="skip">
		<operation>
			<search position="replace"><![CDATA[
// Version: 1.1; Packages]]></search>

			<add><![CDATA[
// Version: 1.1.8; Packages]]></add>
		</operation>
		<operation>
			<search position="end" />

			<add><![CDATA[
$txt['package_confirm_view_package_content'] = 'Are you sure you want to view the package contents from this location:<br /><br />%1$s';
$txt['package_confirm_proceed'] = 'Proceed';
$txt['package_confirm_go_back'] = 'Go back';
]]></add>
		</operation>
	</file>
</modification>